kind,name,url,path
health,a woman wearing a white dress and a hat,https://unsplash.com/photos/a-woman-wearing-a-white-dress-and-a-hat-WjumNaxVOYM,"health_a woman wearing a white dress and a hat_594282cd5fa74f3e1dadbf75e95d86e4d2aea2ce.jpg,health_a woman wearing a white dress and a hat_594282cd5fa74f3e1dadbf75e95d86e4d2aea2ce.jpg"
people,2 women sitting on bench during daytime,https://unsplash.com/photos/2-women-sitting-on-bench-during-daytime-nKHBYN7hNlA,"people_2 women sitting on bench during daytime_d25b70f209fca7c499009eadc2a2b9be6eed5469.jpg,people_2 women sitting on bench during daytime_d25b70f209fca7c499009eadc2a2b9be6eed5469.jpg"
sports,a man with a tattoo on his arm standing in a ring,https://unsplash.com/photos/a-man-with-a-tattoo-on-his-arm-standing-in-a-ring-GtmrGH3ktfo,"sports_a man with a tattoo on his arm standing in a ring_67c7808ca7562c99afb6b8cc5a452ec456b3f1e1.jpg,sports_a man with a tattoo on his arm standing in a ring_67c7808ca7562c99afb6b8cc5a452ec456b3f1e1.jpg"
animals,a group of butterflies sitting on top of a sandy beach,https://unsplash.com/photos/a-group-of-butterflies-sitting-on-top-of-a-sandy-beach-O9riDvfJRQE,"animals_a group of butterflies sitting on top of a sandy beach_6836f32af5296597d14c875340a0f573ead37718.jpg,animals_a group of butterflies sitting on top of a sandy beach_6836f32af5296597d14c875340a0f573ead37718.jpg"
animals,a couple of flamingos standing next to each other,https://unsplash.com/photos/a-couple-of-flamingos-standing-next-to-each-other-O7eEbfl-vQU,"animals_a couple of flamingos standing next to each other_4bb4b26d2fa1a7fad8672c7be76fcebc352c1b28.jpg,animals_a couple of flamingos standing next to each other_4bb4b26d2fa1a7fad8672c7be76fcebc352c1b28.jpg"
food-drink,person pouring water into green sauce,https://unsplash.com/photos/person-pouring-water-into-green-sauce-f3uWanPu_rU,"food-drink_person pouring water into green sauce_57fc0f0eb635c5796416f30615dfd1bbdaae2812.jpg,food-drink_person pouring water into green sauce_57fc0f0eb635c5796416f30615dfd1bbdaae2812.jpg"
animals,a cheetah walking through a grassy plain,https://unsplash.com/photos/a-cheetah-walking-through-a-grassy-plain-iuzKnnoAPS4,"animals_a cheetah walking through a grassy plain_8530849b0192890ed5e0f4e0a525d7df404824c4.jpg,animals_a cheetah walking through a grassy plain_8530849b0192890ed5e0f4e0a525d7df404824c4.jpg"
animals,a peacock with its feathers spread out on a dirt road,https://unsplash.com/photos/a-peacock-with-its-feathers-spread-out-on-a-dirt-road-7PMwo1b7WgE,"animals_a peacock with its feathers spread out on a dirt road_f25c9611bd67409a96eea3bb19e3cbb16b1424f3.jpg,animals_a peacock with its feathers spread out on a dirt road_f25c9611bd67409a96eea3bb19e3cbb16b1424f3.jpg"
spirituality,a person jumping in the air on a skateboard,https://unsplash.com/photos/a-person-jumping-in-the-air-on-a-skateboard-pCypagnrHXE,"spirituality_a person jumping in the air on a skateboard_b826f5107f96e15fe6c5a43992e71d400f6725cf.jpg,spirituality_a person jumping in the air on a skateboard_b826f5107f96e15fe6c5a43992e71d400f6725cf.jpg"
animals,a couple of monkeys sitting on top of a lush green field,https://unsplash.com/photos/a-couple-of-monkeys-sitting-on-top-of-a-lush-green-field-DVshRjR0_OI,"animals_a couple of monkeys sitting on top of a lush green field_db02d2b822b128c41664177bec1b32d2d9d5a8f1.jpg,animals_a couple of monkeys sitting on top of a lush green field_db02d2b822b128c41664177bec1b32d2d9d5a8f1.jpg"
animals,a herd of elephants standing next to a body of water,https://unsplash.com/photos/a-herd-of-elephants-standing-next-to-a-body-of-water-w83cXPOFfZc,"animals_a herd of elephants standing next to a body of water_a2faa54b246eeb4acbec333ab8c65cf3ff988df4.jpg,animals_a herd of elephants standing next to a body of water_a2faa54b246eeb4acbec333ab8c65cf3ff988df4.jpg"
animals,a bird sitting on a branch of a tree,https://unsplash.com/photos/a-bird-sitting-on-a-branch-of-a-tree-0mHHNCVkGMM,"animals_a bird sitting on a branch of a tree_d61b465052bd438b99f7185f071639fb56cd6393.jpg,animals_a bird sitting on a branch of a tree_d61b465052bd438b99f7185f071639fb56cd6393.jpg"
animals,a rabbit sitting next to another rabbit in the dirt,https://unsplash.com/photos/a-rabbit-sitting-next-to-another-rabbit-in-the-dirt-1uY1TbJ-7xs,"animals_a rabbit sitting next to another rabbit in the dirt_5fa372cd6beef29ef436363ab3b030ed214c17c8.jpg,animals_a rabbit sitting next to another rabbit in the dirt_5fa372cd6beef29ef436363ab3b030ed214c17c8.jpg"
fashion-beauty,a bottle of liquid sitting on top of a red cloth,https://unsplash.com/photos/a-bottle-of-liquid-sitting-on-top-of-a-red-cloth-WOhHttMXxXY,"fashion-beauty_a bottle of liquid sitting on top of a red cloth_31c0a0e39b5c388e65f5999a694b7952237418d9.jpg,fashion-beauty_a bottle of liquid sitting on top of a red cloth_31c0a0e39b5c388e65f5999a694b7952237418d9.jpg"
animals,a large bird flying through a blue sky,https://unsplash.com/photos/a-large-bird-flying-through-a-blue-sky-FY50uW7KJFo,"animals_a large bird flying through a blue sky_48ce48b7ec13e9935bc089d6b83af9496e2f17bb.jpg,animals_a large bird flying through a blue sky_48ce48b7ec13e9935bc089d6b83af9496e2f17bb.jpg"
animals,a couple of birds that are standing in the water,https://unsplash.com/photos/a-couple-of-birds-that-are-standing-in-the-water-O_UXAEpsPvM,"animals_a couple of birds that are standing in the water_8fc028aad3ca68093214097c3f487a53a82f77e5.jpg,animals_a couple of birds that are standing in the water_8fc028aad3ca68093214097c3f487a53a82f77e5.jpg"
business-work,a tall building with a hole in the side of it,https://unsplash.com/photos/a-tall-building-with-a-hole-in-the-side-of-it-Ca2Yya0n-yU,"business-work_a tall building with a hole in the side of it_4786fb1130dc80803a6fe0ced299255996eec610.jpg,business-work_a tall building with a hole in the side of it_4786fb1130dc80803a6fe0ced299255996eec610.jpg"
animals,wet black and white dog near body of water,https://unsplash.com/photos/wet-black-and-white-dog-near-body-of-water-NHabHQIASQE,"animals_wet black and white dog near body of water_a99518ebe9be0ffffce250e3467644a6dfabd951.jpg,animals_wet black and white dog near body of water_a99518ebe9be0ffffce250e3467644a6dfabd951.jpg"
animals,white stork perched on white concrete wall during daytime,https://unsplash.com/photos/white-stork-perched-on-white-concrete-wall-during-daytime-iXfuiuMEGPY,"animals_white stork perched on white concrete wall during daytime_54d91b8b5aa5095f06e83958f714236e22aa03c1.jpg,animals_white stork perched on white concrete wall during daytime_54d91b8b5aa5095f06e83958f714236e22aa03c1.jpg"
animals,a small dog wearing a jacket and pants,https://unsplash.com/photos/a-small-dog-wearing-a-jacket-and-pants-x9S68kJoXgo,"animals_a small dog wearing a jacket and pants_5e3c55d43287d27e2e4a7bbb8a6374970f78fb07.jpg,animals_a small dog wearing a jacket and pants_5e3c55d43287d27e2e4a7bbb8a6374970f78fb07.jpg"
animals,group of penguins standing on white snow covered ground near body of water during daytime,https://unsplash.com/photos/group-of-penguins-standing-on-white-snow-covered-ground-near-body-of-water-during-daytime-12R_znWtJHQ,"animals_group of penguins standing on white snow covered ground near body of water during daytime_2b74ed5e40b202e01f44950d3fa39eae73ebc146.jpg,animals_group of penguins standing on white snow covered ground near body of water during daytime_2b74ed5e40b202e01f44950d3fa39eae73ebc146.jpg"
fashion-beauty,a group of women standing next to each other holding hairdryers,https://unsplash.com/photos/a-group-of-women-standing-next-to-each-other-holding-hairdryers-sFa2VczI8j0,"fashion-beauty_a group of women standing next to each other holding hairdryers_dcfbba9907435e65ef642481851b955dff4718d4.jpg,fashion-beauty_a group of women standing next to each other holding hairdryers_dcfbba9907435e65ef642481851b955dff4718d4.jpg"
animals,Flamingo at Walvis Bay wetland,https://unsplash.com/photos/flamingo-at-walvis-bay-wetland-sWeK0DMhY8c,"animals_Flamingo at Walvis Bay wetland_27788a56831cb79000fb23b034d275eb43546171.jpg,animals_Flamingo at Walvis Bay wetland_27788a56831cb79000fb23b034d275eb43546171.jpg,animals_Flamingo at Walvis Bay wetland_34c0060c4daf2c745245713c8d8068077938e738.jpg,animals_Flamingo at Walvis Bay wetland_155741d5616061ceb0b2c34f1195a87b85f8cd1f.jpg"
animals,a cat is sitting on a blue bean bag,https://unsplash.com/photos/a-cat-is-sitting-on-a-blue-bean-bag-BCdLVebXAwk,"animals_a cat is sitting on a blue bean bag_8f4b7aa4cf21e70e8c9e343e515e7b11c90e890a.jpg,animals_a cat is sitting on a blue bean bag_8f4b7aa4cf21e70e8c9e343e515e7b11c90e890a.jpg"
animals,dog carrying log,https://unsplash.com/photos/dog-carrying-log-0-mijZQHh9g,"animals_dog carrying log_a779b8ab5f8fb28114b58ef8071cafd000451559.jpg,animals_dog carrying log_a779b8ab5f8fb28114b58ef8071cafd000451559.jpg"
current-events,a man dressed in armor standing in tall grass,https://unsplash.com/photos/a-man-dressed-in-armor-standing-in-tall-grass-fN1QpTn3QDY,"current-events_a man dressed in armor standing in tall grass_cc55897158f7d5e74cca2aef8a1dfdc15c4df057.jpg,current-events_a man dressed in armor standing in tall grass_cc55897158f7d5e74cca2aef8a1dfdc15c4df057.jpg"
animals,a close up of a parrot with a black background,https://unsplash.com/photos/a-close-up-of-a-parrot-with-a-black-background-3OS8_YuQDFA,"animals_a close up of a parrot with a black background_f0658176fd86cbc11f0502714f156095cffdacd2.jpg,animals_a close up of a parrot with a black background_f0658176fd86cbc11f0502714f156095cffdacd2.jpg"
fashion-beauty,the back of a man with no shirt on,https://unsplash.com/photos/the-back-of-a-man-with-no-shirt-on-pCJ-fbnq1_s,"fashion-beauty_the back of a man with no shirt on_f5f105019ea55272868a3b07d14d977ab0bbf5d1.jpg,fashion-beauty_the back of a man with no shirt on_f5f105019ea55272868a3b07d14d977ab0bbf5d1.jpg,fashion-beauty_the back of a man with no shirt on_90d23ef91ed20e7868865f38eb290a4d52580a5f.jpg,fashion-beauty_the back of a man with no shirt on_5d1e60258644a198a693a56f0470a4f09fa36180.jpg,fashion-beauty_the back of a man with no shirt on_00d9dd0d897be52d711c4a22626e16343b95ff6a.jpg,fashion-beauty_the back of a man with no shirt on_d36803fb4020a700b853ed4302823f11e9c0131e.jpg,fashion-beauty_the back of a man with no shirt on_2135559e26289e4f315ef1c0956286660b7a3b1b.jpg,fashion-beauty_the back of a man with no shirt on_93fee70cd89517efc23218d0d35f58f8ad469338.jpg,fashion-beauty_the back of a man with no shirt on_f498772bb77211f71111db1ce15c28c99a58af98.jpg,fashion-beauty_the back of a man with no shirt on_c592321778211fe5bf1cbdf7874228af71b65eff.jpg,fashion-beauty_the back of a man with no shirt on_52f487d8688bf18c01a99893680b00f0895eedb8.jpg,fashion-beauty_the back of a man with no shirt on_89f3b164985b1f973f574199c75a05a86853ce91.jpg"
animals,person in black jacket standing on snow covered ground during daytime,https://unsplash.com/photos/person-in-black-jacket-standing-on-snow-covered-ground-during-daytime-Z7C66mfbAtE,"animals_person in black jacket standing on snow covered ground during daytime_6c19b5e18d65e0250e3d69a1239ccd640e216e5c.jpg,animals_person in black jacket standing on snow covered ground during daytime_6c19b5e18d65e0250e3d69a1239ccd640e216e5c.jpg"
fashion-beauty,a woman in a red dress is sitting on a white couch,https://unsplash.com/photos/a-woman-in-a-red-dress-is-sitting-on-a-white-couch-ftjQNez8Q34,"fashion-beauty_a woman in a red dress is sitting on a white couch_87a286f64bb2a326908d91852cefa151e2aa70e0.jpg,fashion-beauty_a woman in a red dress is sitting on a white couch_87a286f64bb2a326908d91852cefa151e2aa70e0.jpg,fashion-beauty_a woman in a red dress is sitting on a white couch_00e16301fba49a2986626c45dd687a94b88dfa46.jpg,fashion-beauty_a woman in a red dress is sitting on a white couch_994ea2fb3287dc69669e6feaa96f961829bb01ae.jpg,fashion-beauty_a woman in a red dress is sitting on a white couch_44ccb21511ae74d128c80927ece38da3704fea52.jpg,fashion-beauty_a woman in a red dress is sitting on a white couch_91076c39e8cf14a9f758c1eeb5235f944ecfce30.jpg,fashion-beauty_a woman in a red dress is sitting on a white couch_dbc03c2e2401616bd21f45f65a8d10915c7aa33b.jpg,fashion-beauty_a woman in a red dress is sitting on a white couch_34c192774a84befab30224c7c989b4ba96ecda18.jpg,fashion-beauty_a woman in a red dress is sitting on a white couch_355490aafca7c3c88f619ad9c95c4e8b771c4204.jpg,fashion-beauty_a woman in a red dress is sitting on a white couch_1fa6907bbf10835decc1f15127ec2f6173d82e0e.jpg,fashion-beauty_a woman in a red dress is sitting on a white couch_e728bd4a8c15492245c91c187b33c859929dd91a.jpg,fashion-beauty_a woman in a red dress is sitting on a white couch_2534bbb87d8c5cede5ca1952589caf0184446505.jpg"
fashion-beauty,person holding white ceramic mug,https://unsplash.com/photos/person-holding-white-ceramic-mug-P04UWgN2B5U,"fashion-beauty_person holding white ceramic mug_fce06589c6c20619c7de3e0fdfaeafd7ec919a58.jpg,fashion-beauty_person holding white ceramic mug_fce06589c6c20619c7de3e0fdfaeafd7ec919a58.jpg"
fashion-beauty,an open book sitting on top of a bed next to a cup of coffee,https://unsplash.com/photos/an-open-book-sitting-on-top-of-a-bed-next-to-a-cup-of-coffee-qhyPR6gcbhk,"fashion-beauty_an open book sitting on top of a bed next to a cup of coffee_b083c225868e10b3de57aa5292c1e201c4417c34.jpg,fashion-beauty_an open book sitting on top of a bed next to a cup of coffee_b083c225868e10b3de57aa5292c1e201c4417c34.jpg"
fashion-beauty,white ceramic angel figurine on brown wooden shelf,https://unsplash.com/photos/white-ceramic-angel-figurine-on-brown-wooden-shelf-l9Fa9xutPYU,"fashion-beauty_white ceramic angel figurine on brown wooden shelf_738ef4a6ea54bf03257764c006b4bf8661c5e173.jpg,fashion-beauty_white ceramic angel figurine on brown wooden shelf_738ef4a6ea54bf03257764c006b4bf8661c5e173.jpg"
fashion-beauty,white book page with man in black suit,https://unsplash.com/photos/white-book-page-with-man-in-black-suit-0NZVDzHsGac,"fashion-beauty_white book page with man in black suit_63238d4cf0dbce58c92b1787ceb09cf10885258d.jpg,fashion-beauty_white book page with man in black suit_63238d4cf0dbce58c92b1787ceb09cf10885258d.jpg"
fashion-beauty,white and green box on brown carpet,https://unsplash.com/photos/white-and-green-box-on-brown-carpet-TzVqLUrFW5U,"fashion-beauty_white and green box on brown carpet_6d0253de1f6c4a5e00d1514e3b462d69409f5f27.jpg,fashion-beauty_white and green box on brown carpet_6d0253de1f6c4a5e00d1514e3b462d69409f5f27.jpg"
fashion-beauty,a woman with a smile on her face,https://unsplash.com/photos/a-woman-with-a-smile-on-her-face-u3QqNZSydq8,"fashion-beauty_a woman with a smile on her face_f4fedd938f0295ab68cb002459ce33b88479f9ed.jpg,fashion-beauty_a woman with a smile on her face_f4fedd938f0295ab68cb002459ce33b88479f9ed.jpg,fashion-beauty_a woman with a smile on her face_dff42acbad1cfd64509cf7be9415bba62cfc40a0.jpg,fashion-beauty_a woman with a smile on her face_9acb08a23dd1cd2e0b7faf373f45ae0d1beb55b6.jpg,fashion-beauty_a woman with a smile on her face_95ca9bd0333a49232c2ef42a4837f79321de6429.jpg,fashion-beauty_a woman with a smile on her face_3e2b9d9008a5839f3b51ea91df60b3017f49b591.jpg,fashion-beauty_a woman with a smile on her face_48f46c01e7cb3da5d371ffc1a9d93fadedee9079.jpg,fashion-beauty_a woman with a smile on her face_78c280368446dea77b403c0df023a4a63d3d4400.jpg,fashion-beauty_a woman with a smile on her face_ac92dd4937bdacd3e0db9073a3148661e04ec6d5.jpg,fashion-beauty_a woman with a smile on her face_46915b40fc979bc1c8e7888cb4c752b8701cdee7.jpg,fashion-beauty_a woman with a smile on her face_4fb052d9f8b669827da9e15e85674a7059c8150e.jpg,fashion-beauty_a woman with a smile on her face_a64763438b06970fbbd5001e853140fa108af3f1.jpg"
fashion-beauty,three different colors of fabric on a white surface,https://unsplash.com/photos/three-different-colors-of-fabric-on-a-white-surface-oPDjsE6m2Jw,"fashion-beauty_three different colors of fabric on a white surface_2ffddfb8766760d4050225ffb4db59a5451e1871.jpg,fashion-beauty_three different colors of fabric on a white surface_2ffddfb8766760d4050225ffb4db59a5451e1871.jpg"
fashion-beauty,a pair of legs with socks and flowers on a stool,https://unsplash.com/photos/a-pair-of-legs-with-socks-and-flowers-on-a-stool-X0hFyms3vRo,"fashion-beauty_a pair of legs with socks and flowers on a stool_f6db89c4b042c034ab60996f616329e2f3dda296.jpg,fashion-beauty_a pair of legs with socks and flowers on a stool_f6db89c4b042c034ab60996f616329e2f3dda296.jpg"
fashion-beauty,a woman in a white dress standing in the water,https://unsplash.com/photos/a-woman-in-a-white-dress-standing-in-the-water-YOmr11zaOTc,"fashion-beauty_a woman in a white dress standing in the water_64f74c906af9f1ed3b7a12e4be1d1ebb637951b4.jpg,fashion-beauty_a woman in a white dress standing in the water_64f74c906af9f1ed3b7a12e4be1d1ebb637951b4.jpg"
fashion-beauty,a woman in a short skirt and black shirt,https://unsplash.com/photos/a-woman-in-a-short-skirt-and-black-shirt-RU_c9YyztJY,"fashion-beauty_a woman in a short skirt and black shirt_65bcba27ae96bb60bde3e91890d62006f584b694.jpg,fashion-beauty_a woman in a short skirt and black shirt_65bcba27ae96bb60bde3e91890d62006f584b694.jpg"
fashion-beauty,gold and purple gemstone studded crown,https://unsplash.com/photos/gold-and-purple-gemstone-studded-crown-cTM8psdeOTQ,"fashion-beauty_gold and purple gemstone studded crown_6b8f72c165430fce543cc88713c49d6e414a1824.jpg,fashion-beauty_gold and purple gemstone studded crown_6b8f72c165430fce543cc88713c49d6e414a1824.jpg"
fashion-beauty,a close up of a person wearing a pair of earrings,https://unsplash.com/photos/a-close-up-of-a-person-wearing-a-pair-of-earrings-TUgFUCDJd6s,"fashion-beauty_a close up of a person wearing a pair of earrings_93de4691ca37808c7e584cc79b841cc9c02fb296.jpg,fashion-beauty_a close up of a person wearing a pair of earrings_93de4691ca37808c7e584cc79b841cc9c02fb296.jpg"
people,a woman standing in a field holding a book,https://unsplash.com/photos/a-woman-standing-in-a-field-holding-a-book-g_4RThfofNQ,"people_a woman standing in a field holding a book_857d268f3cdd07dd6836af8724d8c245bcd07696.jpg,people_a woman standing in a field holding a book_857d268f3cdd07dd6836af8724d8c245bcd07696.jpg"
fashion-beauty,woman in white and black polka dot bikini wearing brown sun hat standing on beach during,https://unsplash.com/photos/woman-in-white-and-black-polka-dot-bikini-wearing-brown-sun-hat-standing-on-beach-during-ciiUsSLlPTg,"fashion-beauty_woman in white and black polka dot bikini wearing brown sun hat standing on beach during_37f941ee65406d2ad305e42023f5f36d913e527a.jpg,fashion-beauty_woman in white and black polka dot bikini wearing brown sun hat standing on beach during_37f941ee65406d2ad305e42023f5f36d913e527a.jpg"
fashion-beauty,woman in black tank top lying on the beach,https://unsplash.com/photos/woman-in-black-tank-top-lying-on-the-beach-JWhOhwaTSUY,"fashion-beauty_woman in black tank top lying on the beach_ca91d89f01db001163aafbc3e66fe46743070570.jpg,fashion-beauty_woman in black tank top lying on the beach_ca91d89f01db001163aafbc3e66fe46743070570.jpg"
people,a pregnant woman in a black and white dress standing in a field,https://unsplash.com/photos/a-pregnant-woman-in-a-black-and-white-dress-standing-in-a-field-m6blUBc0WXw,"people_a pregnant woman in a black and white dress standing in a field_e75e4c361dd459ee07180337c500015af57f2e73.jpg,people_a pregnant woman in a black and white dress standing in a field_e75e4c361dd459ee07180337c500015af57f2e73.jpg"
people,a woman wearing a fur coat and a fur hat,https://unsplash.com/photos/a-woman-wearing-a-fur-coat-and-a-fur-hat-7tQ5HrmjwZE,"people_a woman wearing a fur coat and a fur hat_7cabd3c2df74a350e05711ebcf09ddcbea9eab65.jpg,people_a woman wearing a fur coat and a fur hat_7cabd3c2df74a350e05711ebcf09ddcbea9eab65.jpg"
people,a little boy playing with a ball in the sand,https://unsplash.com/photos/a-little-boy-playing-with-a-ball-in-the-sand-jO3lO4ISc1U,"people_a little boy playing with a ball in the sand_4da6f6efa03ff3f1686f481c30a692ac24c5dea5.jpg,people_a little boy playing with a ball in the sand_4da6f6efa03ff3f1686f481c30a692ac24c5dea5.jpg"
people,a woman sitting on a wooden bench next to a body of water,https://unsplash.com/photos/a-woman-sitting-on-a-wooden-bench-next-to-a-body-of-water-CpjysO5isaA,"people_a woman sitting on a wooden bench next to a body of water_a932024fa1b0387959814422b30c04191d5779c0.jpg,people_a woman sitting on a wooden bench next to a body of water_a932024fa1b0387959814422b30c04191d5779c0.jpg"
people,a woman wearing sunglasses and a tie covering her face,https://unsplash.com/photos/a-woman-wearing-sunglasses-and-a-tie-covering-her-face-00NgfXif8c8,"people_a woman wearing sunglasses and a tie covering her face_ce962de9be502ef4bd0c7d021958915e6a43d822.jpg,people_a woman wearing sunglasses and a tie covering her face_ce962de9be502ef4bd0c7d021958915e6a43d822.jpg"
people,a person standing in a forest,https://unsplash.com/photos/a-person-standing-in-a-forest-bAnn0bJYoYk,"people_a person standing in a forest_d73c1081db4ffde4b283a2a59846ea7424696e09.jpg,people_a person standing in a forest_d73c1081db4ffde4b283a2a59846ea7424696e09.jpg"
people,standing man in dim room,https://unsplash.com/photos/standing-man-in-dim-room-Wo7OTDRS2Io,"people_standing man in dim room_6e44132340bf1e4b4d7521b4b9a77643aff0f09b.jpg,people_standing man in dim room_6e44132340bf1e4b4d7521b4b9a77643aff0f09b.jpg"
people,two women walking around near mountain at daytime,https://unsplash.com/photos/two-women-walking-around-near-mountain-at-daytime-LxeMu7V0-mQ,"people_two women walking around near mountain at daytime_f8ca6338f9e940b78ccd56960dcc6e2d03a47ac8.jpg,people_two women walking around near mountain at daytime_f8ca6338f9e940b78ccd56960dcc6e2d03a47ac8.jpg"
people,a woman holding a stick and a bunch of plants,https://unsplash.com/photos/a-woman-holding-a-stick-and-a-bunch-of-plants-tNwfpesLWSk,"people_a woman holding a stick and a bunch of plants_1303f8371df532c47d6ea119a2e041770c1c212e.jpg,people_a woman holding a stick and a bunch of plants_1303f8371df532c47d6ea119a2e041770c1c212e.jpg"
people,a woman in a blue jacket and a straw hat standing in front of a large,https://unsplash.com/photos/a-woman-in-a-blue-jacket-and-a-straw-hat-standing-in-front-of-a-large-BKs-Hqqc1tc,"people_a woman in a blue jacket and a straw hat standing in front of a large_27b40cf19bd8b8f5690feccd12e1d7b29b1ebeef.jpg,people_a woman in a blue jacket and a straw hat standing in front of a large_27b40cf19bd8b8f5690feccd12e1d7b29b1ebeef.jpg"
fashion-beauty,a woman sitting on the ground in a purple outfit,https://unsplash.com/photos/a-woman-sitting-on-the-ground-in-a-purple-outfit-NDkOMS_sKL0,"fashion-beauty_a woman sitting on the ground in a purple outfit_00f4b575b050973b4be9dfb122628fe82420da8c.jpg,fashion-beauty_a woman sitting on the ground in a purple outfit_00f4b575b050973b4be9dfb122628fe82420da8c.jpg"
people,a young boy in an orange jacket is holding a stick in the woods,https://unsplash.com/photos/a-young-boy-in-an-orange-jacket-is-holding-a-stick-in-the-woods-PQnMBPq1V28,"people_a young boy in an orange jacket is holding a stick in the woods_77674a3f17e8a1a60b22ab0b7cd2ca260a0e79bf.jpg,people_a young boy in an orange jacket is holding a stick in the woods_77674a3f17e8a1a60b22ab0b7cd2ca260a0e79bf.jpg"
spirituality,,https://unsplash.com/photos/_AAAXMMABto,
people,3 women sitting on brown sand playing guitars during daytime,https://unsplash.com/photos/3-women-sitting-on-brown-sand-playing-guitars-during-daytime-pGcUUxWgM0w,"people_3 women sitting on brown sand playing guitars during daytime_3ccdd5cc861a474ba1beb9a6e2c5a97f4f611450.jpg,people_3 women sitting on brown sand playing guitars during daytime_3ccdd5cc861a474ba1beb9a6e2c5a97f4f611450.jpg"
people,woman in white dress holding umbrella during night time,https://unsplash.com/photos/woman-in-white-dress-holding-umbrella-during-night-time-uwlgwCFxCyA,"people_woman in white dress holding umbrella during night time_31234d56e2f022fa56e578c0e143dade59cc9f7c.jpg,people_woman in white dress holding umbrella during night time_31234d56e2f022fa56e578c0e143dade59cc9f7c.jpg"
spirituality,gray pen,https://unsplash.com/photos/gray-pen-5_Ez6yEh8EE,"spirituality_gray pen_f420b20db3eb2c6815c97c05419ede2935764e9f.jpg,spirituality_gray pen_f420b20db3eb2c6815c97c05419ede2935764e9f.jpg"
spirituality,woman in black and white dress standing on beach during sunset,https://unsplash.com/photos/woman-in-black-and-white-dress-standing-on-beach-during-sunset-714p2BHnsTM,"spirituality_woman in black and white dress standing on beach during sunset_10c532de336602c322b5234d8df835ea3275c146.jpg,spirituality_woman in black and white dress standing on beach during sunset_10c532de336602c322b5234d8df835ea3275c146.jpg"
spirituality,a white reception area with a plant hanging from the ceiling,https://unsplash.com/photos/a-white-reception-area-with-a-plant-hanging-from-the-ceiling-fOOiq_Q950E,"spirituality_a white reception area with a plant hanging from the ceiling_e8275cd24f2666f6e455029b4ab32078a16e14ca.jpg,spirituality_a white reception area with a plant hanging from the ceiling_e8275cd24f2666f6e455029b4ab32078a16e14ca.jpg"
people,woman in black coat holding her hair,https://unsplash.com/photos/woman-in-black-coat-holding-her-hair-VFZF_pzTVBA,"people_woman in black coat holding her hair_ed4157531cdef5e2292cc466ac92c150c8e904df.jpg,people_woman in black coat holding her hair_ed4157531cdef5e2292cc466ac92c150c8e904df.jpg"
people,woman in green and white polka dot bikini lying on water,https://unsplash.com/photos/woman-in-green-and-white-polka-dot-bikini-lying-on-water-kf4K8833Gx8,"people_woman in green and white polka dot bikini lying on water_10eceba48310e675aea4fb4f28c546b692c24103.jpg,people_woman in green and white polka dot bikini lying on water_10eceba48310e675aea4fb4f28c546b692c24103.jpg"
spirituality,woman in white long sleeve shirt and blue denim jeans,https://unsplash.com/photos/woman-in-white-long-sleeve-shirt-and-blue-denim-jeans-xRd3BAwcZfM,"spirituality_woman in white long sleeve shirt and blue denim jeans_e2bfad3e59897ced65fb27a2e64cd9d3a4adff66.jpg,spirituality_woman in white long sleeve shirt and blue denim jeans_e2bfad3e59897ced65fb27a2e64cd9d3a4adff66.jpg"
spirituality,the dome of a building with a tree in front of it,https://unsplash.com/photos/the-dome-of-a-building-with-a-tree-in-front-of-it-2gZ7UwRZhS4,"spirituality_the dome of a building with a tree in front of it_920c6402f71b552f29dd711ca981f005c36928fb.jpg,spirituality_the dome of a building with a tree in front of it_920c6402f71b552f29dd711ca981f005c36928fb.jpg"
spirituality,a statue of a woman holding a baby under water,https://unsplash.com/photos/a-statue-of-a-woman-holding-a-baby-under-water-ixf-pTHRJ8c,"spirituality_a statue of a woman holding a baby under water_2b98d3d85bee214807ea4236487b83a471b37c34.jpg,spirituality_a statue of a woman holding a baby under water_2b98d3d85bee214807ea4236487b83a471b37c34.jpg"
spirituality,a blurry photo of a street light,https://unsplash.com/photos/a-blurry-photo-of-a-street-light-OH5uHy2ONpA,"spirituality_a blurry photo of a street light_2d8e24d21b7666da50f8dd65a1715285717a7b6a.jpg,spirituality_a blurry photo of a street light_2d8e24d21b7666da50f8dd65a1715285717a7b6a.jpg"
spirituality,person holding white pink and green floral paper,https://unsplash.com/photos/person-holding-white-pink-and-green-floral-paper-rVUOYNBZpz8,"spirituality_person holding white pink and green floral paper_0080c05a224f12362f0baf24372ba16bdedf3c6e.jpg,spirituality_person holding white pink and green floral paper_0080c05a224f12362f0baf24372ba16bdedf3c6e.jpg"
spirituality,a teddy bear sitting on a bench in a church,https://unsplash.com/photos/a-teddy-bear-sitting-on-a-bench-in-a-church-UrvFoqVzAX4,"spirituality_a teddy bear sitting on a bench in a church_09dd580820d364501b718bba2c090d3935765542.jpg,spirituality_a teddy bear sitting on a bench in a church_09dd580820d364501b718bba2c090d3935765542.jpg"
spirituality,a bonsai tree in a rock garden,https://unsplash.com/photos/a-bonsai-tree-in-a-rock-garden-U-JNE9AsN3E,"spirituality_a bonsai tree in a rock garden_9d13cde95ab3bbd38c3d7a65594a5d331f66769f.jpg,spirituality_a bonsai tree in a rock garden_9d13cde95ab3bbd38c3d7a65594a5d331f66769f.jpg"
spirituality,a lone tree sitting on top of a green hill,https://unsplash.com/photos/a-lone-tree-sitting-on-top-of-a-green-hill-soGwHzdHk2g,"spirituality_a lone tree sitting on top of a green hill_51a8eae72f2beaf4ce40dc66a404d02f8b283b47.jpg,spirituality_a lone tree sitting on top of a green hill_51a8eae72f2beaf4ce40dc66a404d02f8b283b47.jpg"
spirituality,a blurry photo of a hand reaching up into the sky,https://unsplash.com/photos/a-blurry-photo-of-a-hand-reaching-up-into-the-sky-obnn67GstFU,"spirituality_a blurry photo of a hand reaching up into the sky_8483e0714b40adfb7994749cbff4e8d1285ddbf2.jpg,spirituality_a blurry photo of a hand reaching up into the sky_8483e0714b40adfb7994749cbff4e8d1285ddbf2.jpg,spirituality_a blurry photo of a hand reaching up into the sky_6519a19556e0e0562b26f6bb9635ba30785c0c14.jpg,spirituality_a blurry photo of a hand reaching up into the sky_d3caca7304afdc737ef99b151c539261d77a081f.jpg,spirituality_a blurry photo of a hand reaching up into the sky_948212c0aa58a6ff0353dc4599c46709fcbda46b.jpg,spirituality_a blurry photo of a hand reaching up into the sky_6ae5c31423bc2a1c1bcd2200e5f9bc16c665169f.jpg,spirituality_a blurry photo of a hand reaching up into the sky_b13df1dd862251042063bca3ecf2fb4f290415b8.jpg,spirituality_a blurry photo of a hand reaching up into the sky_75a816136b67d6a24b8c07db2f84e723eb1283e7.jpg,spirituality_a blurry photo of a hand reaching up into the sky_b10d709e7a4d3a0be95726ca095814858ced7160.jpg,spirituality_a blurry photo of a hand reaching up into the sky_c1050e9a92876ed08c91b4454b3b533801a9db4d.jpg,spirituality_a blurry photo of a hand reaching up into the sky_8ea515d9bff05af11c7a97bf3f76805326b50f34.jpg,spirituality_a blurry photo of a hand reaching up into the sky_55bfd60403eb8168ef5bd209f860be52908aca0f.jpg"
spirituality,a very tall colorful building with a clock on it's face,https://unsplash.com/photos/a-very-tall-colorful-building-with-a-clock-on-its-face-xdDzKAK8BLE,"spirituality_a very tall colorful building with a clock on it's face_ab668a6493fc4408b7544032d9965453811cc6a5.jpg,spirituality_a very tall colorful building with a clock on it's face_ab668a6493fc4408b7544032d9965453811cc6a5.jpg"
spirituality,bird flying in the air,https://unsplash.com/photos/bird-flying-in-the-air-EOeImMIy7pw,"spirituality_bird flying in the air_2cf8d3b89a2287874c5136ae500e5d064c62e30c.jpg,spirituality_bird flying in the air_2cf8d3b89a2287874c5136ae500e5d064c62e30c.jpg"
business-work,a laptop computer sitting on top of a wooden table,https://unsplash.com/photos/a-laptop-computer-sitting-on-top-of-a-wooden-table-u29YKA0SuKQ,"business-work_a laptop computer sitting on top of a wooden table_ca3b7e6d66275010a3b936d02f80e7f271eaa71f.jpg,business-work_a laptop computer sitting on top of a wooden table_ca3b7e6d66275010a3b936d02f80e7f271eaa71f.jpg"
business-work,a smartphone with the google logo on it,https://unsplash.com/photos/a-smartphone-with-the-google-logo-on-it-Em5_8yCPfEo,"business-work_a smartphone with the google logo on it_b982b488934d9f00cd6de2e966f1bf81457d556a.jpg,business-work_a smartphone with the google logo on it_b982b488934d9f00cd6de2e966f1bf81457d556a.jpg"
business-work,a yellow crane with a red sign on it,https://unsplash.com/photos/a-yellow-crane-with-a-red-sign-on-it-76rc9sbVupc,"business-work_a yellow crane with a red sign on it_e91f58bc25bdc52b2955b7fde2172e7685b947fb.jpg,business-work_a yellow crane with a red sign on it_e91f58bc25bdc52b2955b7fde2172e7685b947fb.jpg"
business-work,"A happy man leaning on the wall on the street, using phone and smiling at it.",https://unsplash.com/photos/a-happy-man-leaning-on-the-wall-on-the-street-using-phone-and-smiling-at-it-tYSfSZCJzxM,"business-work_A happy man leaning on the wall on the street, using phone and smiling at it._0bddd88f28ab780ddb369b318073c21505784c92.jpg,business-work_A happy man leaning on the wall on the street, using phone and smiling at it._0bddd88f28ab780ddb369b318073c21505784c92.jpg"
business-work,a row of buildings in a city with a green roof,https://unsplash.com/photos/a-row-of-buildings-in-a-city-with-a-green-roof-BKY1bnz3Rm8,"business-work_a row of buildings in a city with a green roof_5a20ddf6187cf777576fc79beecd4a0f9fbbf610.jpg,business-work_a row of buildings in a city with a green roof_5a20ddf6187cf777576fc79beecd4a0f9fbbf610.jpg"
spirituality,a man with his eyes closed standing in front of a white wall,https://unsplash.com/photos/a-man-with-his-eyes-closed-standing-in-front-of-a-white-wall-U-lwNYKkYCg,"spirituality_a man with his eyes closed standing in front of a white wall_6bd062a1653c7694147d084fa6ae2aa8da1fb336.jpg,spirituality_a man with his eyes closed standing in front of a white wall_6bd062a1653c7694147d084fa6ae2aa8da1fb336.jpg"
business-work,"a young beautiful woman is using credit card for online shopping on internet website at home, e-commerce concept",https://unsplash.com/photos/a-young-beautiful-woman-is-using-credit-card-for-online-shopping-on-internet-website-at-home-e-commerce-concept-ZspsXR8GQj8,"business-work_a young beautiful woman is using credit card for online shopping on internet website at home, e-commerce concept_2b8a36a9d5407c46c447ac2808e2f6f6bae7f3a6.jpg,business-work_a young beautiful woman is using credit card for online shopping on internet website at home, e-commerce concept_2b8a36a9d5407c46c447ac2808e2f6f6bae7f3a6.jpg,business-work_a young beautiful woman is using credit card for online shopping on internet website at home, e-commerce concept_167617d9ba4e2c82d2cb8e0f7c02752df5b5cea3.jpg"
spirituality,structure under clear sky,https://unsplash.com/photos/structure-under-clear-sky-w3CyGs-keEM,"spirituality_structure under clear sky_d73a407477357d989624cbfb8c59467fc0816312.jpg,spirituality_structure under clear sky_d73a407477357d989624cbfb8c59467fc0816312.jpg"
business-work,woman in orange sleeveless top sitting on couch,https://unsplash.com/photos/woman-in-orange-sleeveless-top-sitting-on-couch-BaSeK7rwc1A,"business-work_woman in orange sleeveless top sitting on couch_f0434c5deec25cff2401287a226a78f0d122e9f5.jpg,business-work_woman in orange sleeveless top sitting on couch_f0434c5deec25cff2401287a226a78f0d122e9f5.jpg"
spirituality,3 brown clay vases on white concrete table,https://unsplash.com/photos/3-brown-clay-vases-on-white-concrete-table-zeGT9j4ltRA,"spirituality_3 brown clay vases on white concrete table_64d67b3fdde32890c3fa06b57dd4e8737723eed7.jpg,spirituality_3 brown clay vases on white concrete table_64d67b3fdde32890c3fa06b57dd4e8737723eed7.jpg"
business-work,a group of people working in a large office,https://unsplash.com/photos/a-group-of-people-working-in-a-large-office-fxMuHy1Vl7c,"business-work_a group of people working in a large office_8961160654f4197634c8e2b4222281c83d535226.jpg,business-work_a group of people working in a large office_8961160654f4197634c8e2b4222281c83d535226.jpg,business-work_a group of people working in a large office_941d3e173d9fb9e0671685a1f678e5a143091a46.jpg,business-work_a group of people working in a large office_6655712e2dd4ad19471dfb4d7b64501517dba7bd.jpg,business-work_a group of people working in a large office_b7a1daa28ba085abc635a0f079b76899d29f8a00.jpg,business-work_a group of people working in a large office_5ab65bf9401c4ac0647ab4d87cc26374b0441ca2.jpg,business-work_a group of people working in a large office_badf1eaf052c5429e0c411964209b300bcdc8a19.jpg,business-work_a group of people working in a large office_4c99c2fc387feccc229f9c79367b8cc09090609b.jpg,business-work_a group of people working in a large office_7df6491dd882f5f055b41a7ba2aee4e215a4ac79.jpg,business-work_a group of people working in a large office_35d362dcf236179b6b153c6ce7688326a853e04f.jpg,business-work_a group of people working in a large office_f992d31eebd3376569f8a6a1798262d3f799d04e.jpg,business-work_a group of people working in a large office_726b10f4bef5edb6db0b371cc5493654cbd8549b.jpg"
business-work,woman listening on black headphones,https://unsplash.com/photos/woman-listening-on-black-headphones-ZXKL4mwbSRA,"business-work_woman listening on black headphones_48cf51b71008ea9d24dba1cc1ee16ffbdc828b9f.jpg,business-work_woman listening on black headphones_48cf51b71008ea9d24dba1cc1ee16ffbdc828b9f.jpg"
business-work,a man riding a motorcycle down a street next to tall buildings,https://unsplash.com/photos/a-man-riding-a-motorcycle-down-a-street-next-to-tall-buildings-ukXMiF4tcsY,"business-work_a man riding a motorcycle down a street next to tall buildings_726ef76ac58552ac7a273b7e7659e099b1b7fb17.jpg,business-work_a man riding a motorcycle down a street next to tall buildings_726ef76ac58552ac7a273b7e7659e099b1b7fb17.jpg"
business-work,black Android smartphone,https://unsplash.com/photos/black-android-smartphone-S7sZReI6hJI,"business-work_black Android smartphone_2efdcf51aabc4235125b5ac206e124b4226a6274.jpg,business-work_black Android smartphone_2efdcf51aabc4235125b5ac206e124b4226a6274.jpg"
business-work,white samsung galaxy tab on white table,https://unsplash.com/photos/white-samsung-galaxy-tab-on-white-table-FtIGCOKj3fk,"business-work_white samsung galaxy tab on white table_35f581808513ac46bb42ab0df905248f9a656752.jpg,business-work_white samsung galaxy tab on white table_35f581808513ac46bb42ab0df905248f9a656752.jpg"
business-work,two chairs are in front of a large poster,https://unsplash.com/photos/two-chairs-are-in-front-of-a-large-poster-81UiM-0yMeI,"business-work_two chairs are in front of a large poster_78803dc3a6951ca91103a9d2ed74e4dbd81a51f5.jpg,business-work_two chairs are in front of a large poster_78803dc3a6951ca91103a9d2ed74e4dbd81a51f5.jpg,business-work_two chairs are in front of a large poster_d1fab6daea6b1e297421f41bcb2ba2d6fb59e8ea.jpg,business-work_two chairs are in front of a large poster_74b40ac14ae43d7beb23e0e5e17b8c48315d557b.jpg,business-work_two chairs are in front of a large poster_bc88455e7e202afdc4b9a5bfcfa714fb55aed7f1.jpg,business-work_two chairs are in front of a large poster_df9645e963ff52bf624e03a2fff09b2b9b58dd1c.jpg"
business-work,person holding blue sticky note beside macbook pro,https://unsplash.com/photos/person-holding-blue-sticky-note-beside-macbook-pro-0wt47z8tbVg,"business-work_person holding blue sticky note beside macbook pro_c50964a565300a19cd3cbb25063ff52cf31252b0.jpg,business-work_person holding blue sticky note beside macbook pro_c50964a565300a19cd3cbb25063ff52cf31252b0.jpg"
business-work,a woman sitting at a table using a laptop computer,https://unsplash.com/photos/a-woman-sitting-at-a-table-using-a-laptop-computer-NPkro1OR_QA,"business-work_a woman sitting at a table using a laptop computer_85e139ddcef126e54d1b84d1d7382b802cc120f1.jpg,business-work_a woman sitting at a table using a laptop computer_85e139ddcef126e54d1b84d1d7382b802cc120f1.jpg,business-work_a woman sitting at a table using a laptop computer_e7116df4fc3065a3e5485905b736e441452dc150.jpg,business-work_a woman sitting at a table using a laptop computer_70b1de4dbc7c5384b92f16ca40b72a47cf0744f8.jpg,business-work_a woman sitting at a table using a laptop computer_c3c9a33cf8791ff174d76abe3ffadd1a4b49889e.jpg,business-work_a woman sitting at a table using a laptop computer_5ad413ce4d57f9f30715c29e6693546ae84b54d7.jpg,business-work_a woman sitting at a table using a laptop computer_92558d1bf5c42b5f0c06ec745c255648e638f2af.jpg,business-work_a woman sitting at a table using a laptop computer_60385cc9dff6d328275cf59120e08bece7e2290f.jpg,business-work_a woman sitting at a table using a laptop computer_5f8a58bcceb244cf882de275f323d33fb51dd14f.jpg,business-work_a woman sitting at a table using a laptop computer_9220644d56e59ac15b6756082dd91d8776b36156.jpg,business-work_a woman sitting at a table using a laptop computer_2803620eb16a7352f64132f0e123762c701603df.jpg,business-work_a woman sitting at a table using a laptop computer_4d8975672ee93a42a85f8733e82f35d5480a8342.jpg"
business-work,a laptop computer sitting on top of a wooden table,https://unsplash.com/photos/a-laptop-computer-sitting-on-top-of-a-wooden-table-6RqSDGaNJ5c,"business-work_a laptop computer sitting on top of a wooden table_bdb47e6a0a580d1e200b1b3b66bf8abc987a28f9.jpg,business-work_a laptop computer sitting on top of a wooden table_bdb47e6a0a580d1e200b1b3b66bf8abc987a28f9.jpg,business-work_a laptop computer sitting on top of a wooden table_158b5562da414c6205535673db78900f9ecf7e27.jpg,business-work_a laptop computer sitting on top of a wooden table_22ad34788cfc20fd06ee46fb7b32febe9008d2af.jpg,business-work_a laptop computer sitting on top of a wooden table_768e099e1fd99e7963d9a64f880b0417e0665c9e.jpg,business-work_a laptop computer sitting on top of a wooden table_404eafe3c35e6cdb0d8a1462085b380a6ce8e492.jpg,business-work_a laptop computer sitting on top of a wooden table_450face817712a073a59234fb82c4afab9b6d06d.jpg,business-work_a laptop computer sitting on top of a wooden table_5dec267a0eb9bedac0158fde4ae86a199cbc1bb4.jpg,business-work_a laptop computer sitting on top of a wooden table_375d213efc9d9694a1d3809f4550d3dea2d53725.jpg,business-work_a laptop computer sitting on top of a wooden table_a5261d59a2e526c1153b51e877b2e18af887a8a8.jpg,business-work_a laptop computer sitting on top of a wooden table_20f4901c381a762ef3a42372d036f949a40f4599.jpg,business-work_a laptop computer sitting on top of a wooden table_5c024c009f335dcb946eeb284c7c192160d44327.jpg"
business-work,"an apple watch, a cell phone, and a laptop on a desk",https://unsplash.com/photos/an-apple-watch-a-cell-phone-and-a-laptop-on-a-desk-8MKkgKCSpdY,"business-work_an apple watch, a cell phone, and a laptop on a desk_1150013e6b39d0cd1c6bf188d3672f9b85ca2664.jpg,business-work_an apple watch, a cell phone, and a laptop on a desk_1150013e6b39d0cd1c6bf188d3672f9b85ca2664.jpg"
business-work,a person holding a camera in front of a computer,https://unsplash.com/photos/a-person-holding-a-camera-in-front-of-a-computer-hG-EWLYnVmM,"business-work_a person holding a camera in front of a computer_c46dbfa983cae79f598cbb2c6078163a54604a39.jpg,business-work_a person holding a camera in front of a computer_c46dbfa983cae79f598cbb2c6078163a54604a39.jpg"
business-work,books on round white table,https://unsplash.com/photos/books-on-round-white-table-U3aZH0S1YFw,"business-work_books on round white table_56f55b5403bd11ea9106ecd57bcbccc01eee948a.jpg,business-work_books on round white table_56f55b5403bd11ea9106ecd57bcbccc01eee948a.jpg"
food-drink,person in white apron baking flatbread,https://unsplash.com/photos/person-in-white-apron-baking-flatbread-HKCNiY23Hxw,"food-drink_person in white apron baking flatbread_39d20c1e736b91ce3e8be820634c69b1e224b418.jpg,food-drink_person in white apron baking flatbread_39d20c1e736b91ce3e8be820634c69b1e224b418.jpg"
food-drink,selective focus photography of brown Illy bottle on table,https://unsplash.com/photos/selective-focus-photography-of-brown-illy-bottle-on-table-pdzxl1B_R10,"food-drink_selective focus photography of brown Illy bottle on table_f7b2e4ee59c924fe7c9fb22e06b5de5c46a4d142.jpg,food-drink_selective focus photography of brown Illy bottle on table_f7b2e4ee59c924fe7c9fb22e06b5de5c46a4d142.jpg"
food-drink,a crock pot filled with cinnamon rolls on top of a table,https://unsplash.com/photos/a-crock-pot-filled-with-cinnamon-rolls-on-top-of-a-table-8ALVXQWri2s,"food-drink_a crock pot filled with cinnamon rolls on top of a table_ec175f43ac65d89fcef5f0e27305404aec500add.jpg,food-drink_a crock pot filled with cinnamon rolls on top of a table_ec175f43ac65d89fcef5f0e27305404aec500add.jpg,food-drink_a crock pot filled with cinnamon rolls on top of a table_f764dbdb1849befea709f27dafcbcdee61ec53b9.jpg,food-drink_a crock pot filled with cinnamon rolls on top of a table_60d2a86d828e98cacf44e11a32721ebbe3fa8953.jpg,food-drink_a crock pot filled with cinnamon rolls on top of a table_10e04807a24e3309eb04456833fcd0cbc71e9ff9.jpg,food-drink_a crock pot filled with cinnamon rolls on top of a table_e77a2d916c57f7c24973e6319d30dacbf30a8f6d.jpg,food-drink_a crock pot filled with cinnamon rolls on top of a table_13250c254dca48968d885b705ce127dca370a6bd.jpg"
food-drink,a table topped with plates of food and drinks,https://unsplash.com/photos/a-table-topped-with-plates-of-food-and-drinks--bRyqLNXqmo,"food-drink_a table topped with plates of food and drinks_29026339e8f982d920b659c7c087f51ce7c5a4d8.jpg,food-drink_a table topped with plates of food and drinks_29026339e8f982d920b659c7c087f51ce7c5a4d8.jpg,food-drink_a table topped with plates of food and drinks_5339f42146326d6da8d3ac0692d8b943db4b3f06.jpg,food-drink_a table topped with plates of food and drinks_607679e4db60c0ba12ad0624f374f8ab6ad3f66a.jpg,food-drink_a table topped with plates of food and drinks_92d1d6e970a55101dd40aa6f85649f4cb249c4a1.jpg,food-drink_a table topped with plates of food and drinks_c02f181895368048ba349a10ede836200933b975.jpg,food-drink_a table topped with plates of food and drinks_439080764ee9a15d73b5ce42a99dd12b7172ae6a.jpg,food-drink_a table topped with plates of food and drinks_ded95ea464fcf62a3ed3d3677f660455443b1550.jpg,food-drink_a table topped with plates of food and drinks_86446491dd918a6018930895cd2d2af46c7aabc4.jpg,food-drink_a table topped with plates of food and drinks_699ba4816080e7e71967ac91046ae46bf2819260.jpg,food-drink_a table topped with plates of food and drinks_11d51a2a5855f7e4d75b29ea7b7956ca93a2b408.jpg,food-drink_a table topped with plates of food and drinks_e9a042b10df7c9d469732188cdda9220f7dd1e33.jpg"
food-drink,a table topped with oranges and watermelon slices,https://unsplash.com/photos/a-table-topped-with-oranges-and-watermelon-slices-nF4OdBM3Ahw,"food-drink_a table topped with oranges and watermelon slices_1076c126d8a7b0414eb1a304b01282ab75ea85d2.jpg,food-drink_a table topped with oranges and watermelon slices_1076c126d8a7b0414eb1a304b01282ab75ea85d2.jpg"
food-drink,fries with cheese burger,https://unsplash.com/photos/fries-with-cheese-burger-cVqNYbeN1WY,"food-drink_fries with cheese burger_490b116899d2cdb19d597a05c5c0f0146effec51.jpg,food-drink_fries with cheese burger_490b116899d2cdb19d597a05c5c0f0146effec51.jpg"
food-drink,orange fruit on brown box,https://unsplash.com/photos/orange-fruit-on-brown-box-EoGfEuBJQAU,"food-drink_orange fruit on brown box_6e3eea5ee9bc44ee4290cbd0073aae0bd344f40b.jpg,food-drink_orange fruit on brown box_6e3eea5ee9bc44ee4290cbd0073aae0bd344f40b.jpg"
